donate-unrestricted.mp3,180.48
is-it-worth-being-wise?.mp3,1354.128
an-nft-that-saves-lives.mp3,114.168
early-work.mp3,867.768
the-real-reason-to-end-the-death-penalty.mp3,292.08
how-to-lose-time-and-money.mp3,230.016
what-i've-learned-from-users.mp3,786.312
the-need-to-read.mp3,145.2
weird-languages.mp3,131.472
the-four-quadrants-of-conformism.mp3,745.248
beyond-smart.mp3,510.504
how-to-get-new-ideas.mp3,49.848
putting-ideas-into-words.mp3,399.672
is-there-such-a-thing-as-good-taste?.mp3,372.912
write-simply.mp3,170.88
a-project-of-one's-own.mp3,862.128
billionaires-build.mp3,1187.472
having-kids.mp3,500.592
orthodox-privilege.mp3,234.888
alien-truth.mp3,240.528
modeling-a-wealth-tax.mp3,166.632
fierce-nerds.mp3,456.576
what-i-worked-on.mp3,4669.176
how-to-work-hard.mp3,1107.36
crazy-new-ideas.mp3,479.376
how-to-do-great-work.mp3,4123.008
how-people-get-rich-now.mp3,959.16
what-you-(want-to)*-want.mp3,171.384
the-airbnbs.mp3,380.136
superlinear-returns.mp3,1540.512
how-to-think-for-yourself.mp3,1283.928
heresy.mp3,780.816
earnestness.mp3,594.264